{
  "containers": [
    "postgres-benchmark",
    "neo4j-benchmark"
  ],
  "timestamps": [
    2.0263609886169434,
    5.049524545669556,
    8.075284957885742,
    11.098191261291504
  ],
  "ram_data": {
    "postgres-benchmark": [
      66.11,
      113.3,
      113.1,
      113.1
    ],
    "neo4j-benchmark": [
      4602.88,
      4602.88,
      4602.88,
      4602.88
    ]
  },
  "events": {
    "PG_start": 3.0009284019470215,
    "PG_end": 4.196395635604858,
    "Neo4j_start": 7.196607828140259,
    "Neo4j_end": 7.211801290512085
  }
}