{
  "containers": [
    "postgres-benchmark",
    "neo4j-benchmark"
  ],
  "timestamps": [
    2.038252830505371,
    5.061978816986084,
    8.084952354431152,
    11.108275651931763,
    14.131752252578735,
    17.15471601486206,
    20.178449153900146,
    23.200327396392822,
    26.221747875213623,
    29.24422025680542,
    32.26782274246216,
    35.39185976982117,
    38.42727446556091,
    41.450400829315186,
    44.47370886802673,
    47.4965615272522,
    50.52002263069153,
    53.54431915283203,
    56.58564805984497,
    59.60735011100769,
    62.62969708442688,
    65.65287566184998,
    68.67387175559998,
    71.69998121261597,
    74.7231457233429,
    77.74693822860718,
    80.77028751373291,
    83.79467391967773,
    86.81719851493835,
    89.84037947654724
  ],
  "ram_data": {
    "postgres-benchmark": [
      87.71,
      197.8,
      204.6,
      217.8,
      227.2,
      237.9,
      248.8,
      258.7,
      271.8,
      284.5,
      297.6,
      307.5,
      317.8,
      323.7,
      328.5,
      329.2,
      330.1,
      332.1,
      332.0,
      331.6,
      331.8,
      332.3,
      304.7,
      301.0,
      281.5,
      262.1,
      256.5,
      88.0,
      87.63,
      87.63
    ],
    "neo4j-benchmark": [
      4626.432,
      4616.192,
      4616.192,
      4616.192,
      4616.192,
      4616.192,
      4616.192,
      4616.192,
      4616.192,
      4616.192,
      4616.192,
      4616.192,
      4615.168,
      4615.168,
      4616.192,
      4616.192,
      4616.192,
      4616.192,
      4616.192,
      4616.192,
      4615.168,
      4615.168,
      4615.168,
      4615.168,
      4615.168,
      4615.168,
      4615.168,
      4615.168,
      4627.456,
      4626.432
    ]
  },
  "events": {
    "PG_start": 3.001052141189575,
    "PG_end": 82.48101663589478,
    "Neo4j_start": 85.48122811317444,
    "Neo4j_end": 85.55227375030518
  }
}